time,volume,open,high,low,close,RSI
2023-06-29T21:00:00.000000000Z,88721,1.08650,1.09318,1.08354,1.09110,
